{"cameraMode":{"drawMode":0,"name":"Shaded","section":"Shading Mode"},"sceneLighting":true,"audioPlay":false,"sceneViewState":{"showFog":true,"showMaterialUpdate":false,"showSkybox":true,"showFlares":true,"showImageEffects":true,"showParticleSystems":true},"in2DMode":false,"pivot":{"x":-10.886622428894043,"y":-7.102417469024658,"z":2.6931872367858888},"rotation":{"x":-0.19857889413833619,"y":0.6632726788520813,"z":-0.1891549825668335,"w":-0.6963188052177429},"size":9.919246673583985,"orthographic":false}