{"cameraMode":{"drawMode":0,"name":"Shaded","section":"Shading Mode"},"sceneLighting":true,"audioPlay":false,"sceneViewState":{"showFog":true,"showMaterialUpdate":false,"showSkybox":true,"showFlares":true,"showImageEffects":true,"showParticleSystems":true},"in2DMode":false,"pivot":{"x":414.206787109375,"y":211.20094299316407,"z":814.675048828125},"rotation":{"x":-0.07374182343482971,"y":0.005083947442471981,"z":-0.0003764728317037225,"w":-0.9972663521766663},"size":834.7361450195313,"orthographic":false}